Driver_ID,Driver_Name,Car_ID,Trip_Length_km,Trip_Date,Trip_Rating
1,Carla C.A.,80,26.4,2024-05-27,3
1,Carla C.A.,87,15.7,2024-04-25,4
1,Carla C.A.,38,11.6,2024-08-08,5
1,Carla C.A.,63,8.4,2024-10-02,1
1,Carla C.A.,71,24.9,2024-04-13,4
1,Carla C.A.,14,21.9,2024-12-08,5
1,Carla C.A.,96,26.2,2024-08-04,2
1,Carla C.A.,39,5.7,2024-01-10,4
1,Carla C.A.,28,2.1,2024-12-14,3
1,Carla C.A.,24,18.7,2024-03-19,2
1,Carla C.A.,32,1.5,2024-06-30,4
1,Carla C.A.,56,3.4,2024-10-25,5
1,Carla C.A.,48,18.6,2024-05-18,5
1,Carla C.A.,32,29.5,2024-07-05,5
1,Carla C.A.,64,27.6,2024-11-15,5
1,Carla C.A.,45,29.8,2024-01-21,4
1,Carla C.A.,68,7.3,2024-09-18,5
1,Carla C.A.,76,10.8,2024-08-23,5
1,Carla C.A.,94,29.3,2024-05-05,4
1,Carla C.A.,12,14.4,2024-07-16,4
1,Carla C.A.,31,15.4,2024-04-02,5
1,Carla C.A.,83,22.7,2024-03-27,2
1,Carla C.A.,51,11.9,2024-08-20,5
1,Carla C.A.,91,27.9,2024-08-05,5
1,Carla C.A.,11,25.7,2024-03-22,4
1,Carla C.A.,35,12.9,2024-09-11,4
1,Carla C.A.,37,1.8,2024-12-16,3
1,Carla C.A.,12,6.0,2024-04-02,5
1,Carla C.A.,90,12.9,2024-09-30,4
1,Carla C.A.,7,29.5,2024-09-30,5
1,Carla C.A.,27,21.7,2024-03-19,4
1,Carla C.A.,39,17.9,2024-11-23,4
1,Carla C.A.,72,17.1,2024-03-11,5
1,Carla C.A.,75,27.7,2024-03-22,4
1,Carla C.A.,44,8.8,2024-02-01,4
1,Carla C.A.,54,16.3,2024-12-30,4
1,Carla C.A.,75,24.3,2024-12-16,3
1,Carla C.A.,27,18.4,2024-03-08,3
1,Carla C.A.,42,11.6,2024-02-25,4
1,Carla C.A.,8,16.4,2024-01-09,1
1,Carla C.A.,97,11.7,2024-07-05,4
1,Carla C.A.,52,4.4,2024-01-13,1
1,Carla C.A.,40,14.9,2024-11-28,4
1,Carla C.A.,60,24.9,2024-08-13,5
1,Carla C.A.,44,5.5,2024-02-15,2
1,Carla C.A.,50,23.1,2024-12-16,3
1,Carla C.A.,24,3.7,2024-11-21,5
1,Carla C.A.,89,29.8,2024-07-10,4
1,Carla C.A.,41,24.2,2024-04-07,5
1,Carla C.A.,24,29.9,2024-04-15,1
1,Carla C.A.,89,2.2,2024-11-01,5
1,Carla C.A.,68,22.1,2024-12-15,3
1,Carla C.A.,61,22.5,2024-03-14,4
1,Carla C.A.,14,11.8,2024-11-24,4
1,Carla C.A.,79,20.5,2024-08-06,5
1,Carla C.A.,100,14.1,2024-11-08,2
1,Carla C.A.,50,17.3,2024-09-08,3
1,Carla C.A.,80,7.7,2024-08-11,4
1,Carla C.A.,29,29.5,2024-11-17,3
1,Carla C.A.,91,15.8,2024-04-27,4
1,Carla C.A.,87,4.7,2024-06-03,1
1,Carla C.A.,45,26.3,2024-08-15,5
1,Carla C.A.,13,25.8,2024-09-23,5
1,Carla C.A.,33,26.3,2024-05-15,4
1,Carla C.A.,42,22.4,2024-11-23,4
1,Carla C.A.,61,27.5,2024-09-28,4
1,Carla C.A.,10,7.0,2024-07-01,4
1,Carla C.A.,81,11.7,2024-09-20,5
1,Carla C.A.,96,28.4,2024-05-09,4
1,Carla C.A.,54,6.3,2024-07-08,4
1,Carla C.A.,8,25.0,2024-09-26,4
1,Carla C.A.,11,6.0,2024-08-26,4
1,Carla C.A.,68,2.8,2024-01-09,5
1,Carla C.A.,97,22.8,2024-08-04,4
1,Carla C.A.,27,7.7,2024-04-30,5
1,Carla C.A.,65,23.9,2024-12-28,5
1,Carla C.A.,39,24.0,2024-09-22,3
1,Carla C.A.,38,10.8,2024-09-03,5
1,Carla C.A.,62,13.9,2024-07-02,4
1,Carla C.A.,63,15.6,2024-04-15,5
1,Carla C.A.,10,21.7,2024-10-25,5
1,Carla C.A.,26,16.3,2024-11-01,5
1,Carla C.A.,85,3.0,2024-07-12,4
1,Carla C.A.,27,17.9,2024-04-22,5
1,Carla C.A.,73,11.0,2024-04-24,4
1,Carla C.A.,73,14.0,2024-01-04,2
1,Carla C.A.,14,16.2,2024-02-20,4
1,Carla C.A.,53,20.2,2024-12-02,4
1,Carla C.A.,81,14.2,2024-08-06,4
1,Carla C.A.,11,4.2,2024-04-09,4
1,Carla C.A.,48,1.8,2024-08-12,4
1,Carla C.A.,95,19.0,2024-07-01,5
1,Carla C.A.,4,6.6,2024-06-20,3
1,Carla C.A.,54,17.0,2024-01-23,5
1,Carla C.A.,79,10.3,2024-02-25,5
1,Carla C.A.,26,9.9,2024-03-22,5
1,Carla C.A.,50,8.8,2024-12-15,5
1,Carla C.A.,5,6.1,2024-10-24,2
1,Carla C.A.,58,3.4,2024-09-14,5
1,Carla C.A.,90,27.7,2024-04-06,4
2,Pamela S.G.,95,3.5,2024-01-22,4
2,Pamela S.G.,58,25.2,2024-10-26,2
2,Pamela S.G.,94,22.0,2024-04-26,1
2,Pamela S.G.,73,13.5,2024-06-05,1
2,Pamela S.G.,85,7.5,2024-09-20,4
2,Pamela S.G.,67,7.3,2024-06-09,4
2,Pamela S.G.,37,17.4,2024-11-25,4
2,Pamela S.G.,30,21.2,2024-01-03,4
2,Pamela S.G.,68,24.7,2024-06-29,4
2,Pamela S.G.,84,15.0,2024-10-24,1
2,Pamela S.G.,84,22.9,2024-05-16,4
2,Pamela S.G.,95,16.4,2024-06-18,5
2,Pamela S.G.,60,8.2,2024-11-23,5
2,Pamela S.G.,92,15.0,2024-07-29,4
2,Pamela S.G.,100,13.7,2024-08-04,4
2,Pamela S.G.,23,2.4,2024-11-09,3
2,Pamela S.G.,14,29.7,2024-10-21,1
2,Pamela S.G.,65,25.1,2024-07-30,5
2,Pamela S.G.,60,27.2,2024-08-30,4
2,Pamela S.G.,93,22.3,2024-07-15,1
2,Pamela S.G.,95,22.5,2024-05-09,4
2,Pamela S.G.,46,7.2,2024-04-16,3
2,Pamela S.G.,20,20.0,2024-04-11,4
2,Pamela S.G.,51,24.9,2024-07-22,4
2,Pamela S.G.,74,9.9,2024-06-15,4
2,Pamela S.G.,14,7.2,2024-11-05,5
2,Pamela S.G.,10,12.7,2024-11-07,4
2,Pamela S.G.,100,6.6,2024-03-19,4
2,Pamela S.G.,54,16.6,2024-08-29,5
2,Pamela S.G.,89,5.0,2024-05-17,4
2,Pamela S.G.,62,18.2,2024-05-24,4
2,Pamela S.G.,68,16.9,2024-05-23,5
2,Pamela S.G.,48,26.1,2024-02-08,4
2,Pamela S.G.,24,26.8,2024-11-11,4
2,Pamela S.G.,86,16.3,2024-01-22,4
2,Pamela S.G.,77,25.6,2024-12-10,5
2,Pamela S.G.,26,21.2,2024-05-24,5
2,Pamela S.G.,50,23.6,2024-10-12,3
2,Pamela S.G.,87,28.2,2024-09-11,5
2,Pamela S.G.,99,10.7,2024-09-22,5
2,Pamela S.G.,99,2.5,2024-06-21,3
2,Pamela S.G.,83,18.1,2024-11-10,4
2,Pamela S.G.,48,28.1,2024-08-23,5
2,Pamela S.G.,10,25.2,2024-10-16,5
2,Pamela S.G.,98,4.8,2024-05-07,5
2,Pamela S.G.,2,21.7,2024-05-27,4
2,Pamela S.G.,48,8.6,2024-01-26,4
2,Pamela S.G.,17,21.7,2024-05-13,5
2,Pamela S.G.,52,8.0,2024-08-24,4
2,Pamela S.G.,26,16.9,2024-12-11,5
2,Pamela S.G.,14,29.4,2024-11-05,4
2,Pamela S.G.,79,13.0,2024-07-15,5
2,Pamela S.G.,44,23.8,2024-05-26,4
2,Pamela S.G.,96,23.7,2024-05-05,5
2,Pamela S.G.,53,14.7,2024-12-05,4
2,Pamela S.G.,73,24.2,2024-12-26,3
2,Pamela S.G.,36,22.5,2024-10-01,4
2,Pamela S.G.,57,8.0,2024-03-10,5
2,Pamela S.G.,45,14.8,2024-01-06,4
2,Pamela S.G.,63,19.5,2024-06-27,5
2,Pamela S.G.,79,20.3,2024-07-21,4
2,Pamela S.G.,50,1.0,2024-05-30,2
2,Pamela S.G.,78,19.8,2024-06-06,5
2,Pamela S.G.,54,9.2,2024-06-15,5
2,Pamela S.G.,58,15.0,2024-11-29,5
2,Pamela S.G.,76,4.6,2024-08-11,4
2,Pamela S.G.,25,14.1,2024-02-21,1
2,Pamela S.G.,44,24.1,2024-02-05,5
2,Pamela S.G.,6,27.7,2024-05-04,5
2,Pamela S.G.,59,10.2,2024-07-19,3
2,Pamela S.G.,15,27.0,2024-10-18,4
2,Pamela S.G.,67,28.5,2024-09-02,4
2,Pamela S.G.,55,26.4,2024-11-30,5
2,Pamela S.G.,37,9.8,2024-03-01,4
2,Pamela S.G.,90,19.4,2024-08-13,5
2,Pamela S.G.,90,10.3,2024-05-04,4
2,Pamela S.G.,19,4.8,2024-10-20,4
2,Pamela S.G.,54,4.3,2024-05-27,2
2,Pamela S.G.,42,9.1,2024-12-30,4
2,Pamela S.G.,87,4.0,2024-07-02,1
2,Pamela S.G.,75,22.7,2024-03-26,4
2,Pamela S.G.,52,7.4,2024-03-27,5
2,Pamela S.G.,49,12.2,2024-12-28,4
2,Pamela S.G.,21,21.7,2024-06-18,3
2,Pamela S.G.,100,5.0,2024-11-11,1
2,Pamela S.G.,93,5.2,2024-10-10,5
2,Pamela S.G.,13,10.0,2024-06-29,3
2,Pamela S.G.,97,18.8,2024-08-13,1
2,Pamela S.G.,10,19.3,2024-11-15,4
2,Pamela S.G.,23,23.9,2024-09-30,4
2,Pamela S.G.,48,8.4,2024-12-12,5
2,Pamela S.G.,77,1.9,2024-06-19,5
2,Pamela S.G.,61,28.4,2024-10-31,4
2,Pamela S.G.,66,5.8,2024-10-16,1
2,Pamela S.G.,57,1.5,2024-03-17,5
2,Pamela S.G.,31,14.3,2024-02-08,4
2,Pamela S.G.,38,16.2,2024-08-31,5
2,Pamela S.G.,60,26.9,2024-04-12,5
2,Pamela S.G.,81,12.2,2024-06-19,5
2,Pamela S.G.,32,16.5,2024-10-06,4
3,Sandra C.A.,42,17.0,2024-02-06,4
3,Sandra C.A.,62,15.2,2024-07-25,5
3,Sandra C.A.,14,16.9,2024-08-02,5
3,Sandra C.A.,38,19.2,2024-11-03,5
3,Sandra C.A.,9,23.0,2024-08-05,2
3,Sandra C.A.,99,13.1,2024-12-16,5
3,Sandra C.A.,40,21.9,2024-09-07,5
3,Sandra C.A.,20,22.7,2024-05-20,4
3,Sandra C.A.,12,18.0,2024-12-13,4
3,Sandra C.A.,47,1.2,2024-09-06,5
3,Sandra C.A.,51,26.3,2024-02-28,4
3,Sandra C.A.,28,28.7,2024-06-23,5
3,Sandra C.A.,52,7.3,2024-05-31,5
3,Sandra C.A.,20,17.9,2024-09-27,3
3,Sandra C.A.,75,21.6,2024-04-12,4
3,Sandra C.A.,31,4.2,2024-05-03,5
3,Sandra C.A.,50,12.4,2024-06-06,5
3,Sandra C.A.,75,16.4,2024-03-30,4
3,Sandra C.A.,23,13.6,2024-08-25,4
3,Sandra C.A.,79,15.6,2024-05-15,4
3,Sandra C.A.,46,2.8,2024-05-30,5
3,Sandra C.A.,19,18.0,2024-07-09,2
3,Sandra C.A.,61,12.6,2024-01-04,3
3,Sandra C.A.,51,21.2,2024-05-06,4
3,Sandra C.A.,56,14.8,2024-07-13,1
3,Sandra C.A.,24,6.3,2024-07-07,3
3,Sandra C.A.,56,10.4,2024-09-02,5
3,Sandra C.A.,49,6.7,2024-01-22,4
3,Sandra C.A.,76,12.5,2024-11-27,4
3,Sandra C.A.,70,6.7,2024-03-30,4
3,Sandra C.A.,60,1.4,2024-09-12,5
3,Sandra C.A.,89,3.5,2024-02-28,3
3,Sandra C.A.,34,3.7,2024-04-16,4
3,Sandra C.A.,31,29.1,2024-12-28,2
3,Sandra C.A.,8,10.7,2024-09-26,4
3,Sandra C.A.,60,29.5,2024-08-26,4
3,Sandra C.A.,94,11.3,2024-05-15,1
3,Sandra C.A.,60,9.1,2024-03-13,5
3,Sandra C.A.,7,27.9,2024-04-02,5
3,Sandra C.A.,95,17.0,2024-11-09,4
3,Sandra C.A.,79,2.7,2024-10-20,4
3,Sandra C.A.,57,4.5,2024-04-02,5
3,Sandra C.A.,61,21.8,2024-06-05,4
3,Sandra C.A.,52,20.0,2024-10-26,4
3,Sandra C.A.,8,5.7,2024-11-04,5
3,Sandra C.A.,72,24.1,2024-02-03,5
3,Sandra C.A.,98,14.9,2024-10-11,5
3,Sandra C.A.,60,9.3,2024-11-19,5
3,Sandra C.A.,77,27.9,2024-01-31,4
3,Sandra C.A.,87,20.0,2024-03-12,4
3,Sandra C.A.,81,25.8,2024-11-18,5
3,Sandra C.A.,92,19.9,2024-05-12,4
3,Sandra C.A.,25,25.4,2024-11-17,3
3,Sandra C.A.,68,20.5,2024-06-06,3
3,Sandra C.A.,89,15.0,2024-06-03,4
3,Sandra C.A.,71,9.6,2024-10-27,2
3,Sandra C.A.,81,19.7,2024-07-02,4
3,Sandra C.A.,68,28.9,2024-10-05,1
3,Sandra C.A.,66,2.1,2024-07-28,5
3,Sandra C.A.,96,11.6,2024-04-11,4
3,Sandra C.A.,50,17.4,2024-08-16,5
3,Sandra C.A.,75,27.3,2024-04-14,5
3,Sandra C.A.,95,23.8,2024-07-13,5
3,Sandra C.A.,82,8.1,2024-06-26,4
3,Sandra C.A.,49,24.5,2024-10-10,3
3,Sandra C.A.,69,7.9,2024-02-25,5
3,Sandra C.A.,10,11.4,2024-05-15,4
3,Sandra C.A.,49,19.6,2024-01-26,5
3,Sandra C.A.,26,13.3,2024-08-15,4
3,Sandra C.A.,9,25.9,2024-08-05,1
3,Sandra C.A.,24,9.4,2024-05-15,4
3,Sandra C.A.,84,8.0,2024-01-05,2
3,Sandra C.A.,12,3.9,2024-10-28,1
3,Sandra C.A.,6,16.9,2024-07-10,3
3,Sandra C.A.,37,14.7,2024-05-17,5
3,Sandra C.A.,65,4.7,2024-12-07,4
3,Sandra C.A.,90,14.8,2024-12-27,5
3,Sandra C.A.,30,9.2,2024-03-22,4
3,Sandra C.A.,24,14.7,2024-09-05,3
3,Sandra C.A.,4,19.1,2024-08-03,4
3,Sandra C.A.,73,15.3,2024-08-06,5
3,Sandra C.A.,55,17.7,2024-08-13,3
3,Sandra C.A.,2,1.1,2024-07-06,3
3,Sandra C.A.,58,15.5,2024-07-26,3
3,Sandra C.A.,68,13.2,2024-01-17,5
3,Sandra C.A.,61,10.1,2024-06-07,5
3,Sandra C.A.,90,6.7,2024-11-20,5
3,Sandra C.A.,97,23.5,2024-09-16,2
3,Sandra C.A.,64,25.9,2024-10-22,4
3,Sandra C.A.,73,18.3,2024-02-19,4
3,Sandra C.A.,59,19.1,2024-03-25,2
3,Sandra C.A.,73,27.2,2024-06-16,4
3,Sandra C.A.,86,7.1,2024-03-04,4
3,Sandra C.A.,48,22.6,2024-09-05,5
3,Sandra C.A.,65,3.2,2024-03-07,5
3,Sandra C.A.,23,18.9,2024-09-27,4
3,Sandra C.A.,44,7.3,2024-09-04,1
3,Sandra C.A.,78,22.1,2024-06-03,1
3,Sandra C.A.,14,29.7,2024-08-01,4
3,Sandra C.A.,19,23.8,2024-05-04,4
4,Sandra M.M.,39,5.1,2024-08-19,5
4,Sandra M.M.,77,3.8,2024-08-27,3
4,Sandra M.M.,69,14.5,2024-12-16,4
4,Sandra M.M.,45,8.6,2024-04-05,4
4,Sandra M.M.,98,18.2,2024-12-18,5
4,Sandra M.M.,89,2.6,2024-08-09,5
4,Sandra M.M.,14,3.8,2024-12-21,4
4,Sandra M.M.,79,25.7,2024-04-23,5
4,Sandra M.M.,65,17.7,2024-07-26,5
4,Sandra M.M.,47,6.0,2024-06-22,1
4,Sandra M.M.,51,20.7,2024-07-25,5
4,Sandra M.M.,15,11.9,2024-01-29,4
4,Sandra M.M.,43,4.2,2024-12-21,4
4,Sandra M.M.,86,19.6,2024-01-15,4
4,Sandra M.M.,16,22.3,2024-02-08,4
4,Sandra M.M.,34,18.3,2024-02-16,5
4,Sandra M.M.,58,24.3,2024-03-09,5
4,Sandra M.M.,41,3.2,2024-07-07,5
4,Sandra M.M.,63,13.8,2024-09-19,4
4,Sandra M.M.,21,16.1,2024-11-07,5
4,Sandra M.M.,3,13.9,2024-02-13,5
4,Sandra M.M.,1,7.5,2024-05-08,5
4,Sandra M.M.,31,26.8,2024-04-22,2
4,Sandra M.M.,24,25.8,2024-06-01,2
4,Sandra M.M.,31,11.4,2024-09-18,3
4,Sandra M.M.,74,22.1,2024-12-19,4
4,Sandra M.M.,10,5.6,2024-04-04,4
4,Sandra M.M.,34,18.5,2024-07-10,5
4,Sandra M.M.,6,10.6,2024-01-21,2
4,Sandra M.M.,21,12.7,2024-04-27,4
4,Sandra M.M.,82,29.2,2024-05-02,4
4,Sandra M.M.,35,27.4,2024-12-02,5
4,Sandra M.M.,28,10.6,2024-02-02,4
4,Sandra M.M.,27,20.9,2024-10-25,3
4,Sandra M.M.,22,29.0,2024-09-24,4
4,Sandra M.M.,42,26.8,2024-12-14,5
4,Sandra M.M.,9,24.8,2024-02-11,5
4,Sandra M.M.,48,23.4,2024-01-05,5
4,Sandra M.M.,73,25.3,2024-10-24,3
4,Sandra M.M.,81,14.4,2024-04-14,5
4,Sandra M.M.,71,2.5,2024-07-13,4
4,Sandra M.M.,1,6.7,2024-01-21,4
4,Sandra M.M.,25,15.6,2024-03-08,5
4,Sandra M.M.,34,4.2,2024-12-09,3
4,Sandra M.M.,19,19.8,2024-09-11,3
4,Sandra M.M.,58,15.3,2024-05-13,5
4,Sandra M.M.,17,15.9,2024-09-26,5
4,Sandra M.M.,56,9.1,2024-05-20,5
4,Sandra M.M.,48,6.9,2024-01-02,5
4,Sandra M.M.,37,16.4,2024-08-24,4
4,Sandra M.M.,17,26.8,2024-01-18,5
4,Sandra M.M.,37,25.4,2024-09-27,4
4,Sandra M.M.,27,22.4,2024-11-18,5
4,Sandra M.M.,23,2.5,2024-03-21,4
4,Sandra M.M.,86,22.9,2024-01-06,4
4,Sandra M.M.,57,25.1,2024-06-17,5
4,Sandra M.M.,26,8.1,2024-07-31,2
4,Sandra M.M.,86,13.1,2024-03-09,4
4,Sandra M.M.,58,15.9,2024-11-03,5
4,Sandra M.M.,47,20.6,2024-11-27,5
4,Sandra M.M.,73,9.8,2024-09-15,4
4,Sandra M.M.,55,22.7,2024-02-29,2
4,Sandra M.M.,71,26.5,2024-07-07,5
4,Sandra M.M.,74,4.2,2024-11-15,5
4,Sandra M.M.,79,20.6,2024-11-20,3
4,Sandra M.M.,92,22.2,2024-12-27,4
4,Sandra M.M.,1,13.3,2024-05-31,2
4,Sandra M.M.,99,17.6,2024-01-24,4
4,Sandra M.M.,83,13.1,2024-07-09,5
4,Sandra M.M.,46,12.6,2024-12-27,4
4,Sandra M.M.,46,11.0,2024-10-04,5
4,Sandra M.M.,66,4.1,2024-11-15,4
4,Sandra M.M.,81,14.1,2024-02-22,4
4,Sandra M.M.,100,18.6,2024-06-10,5
4,Sandra M.M.,12,29.3,2024-10-18,4
4,Sandra M.M.,7,8.1,2024-10-29,4
4,Sandra M.M.,68,17.3,2024-12-10,5
4,Sandra M.M.,41,16.8,2024-06-11,5
4,Sandra M.M.,5,16.0,2024-10-02,3
4,Sandra M.M.,53,26.7,2024-04-07,5
4,Sandra M.M.,46,2.9,2024-04-13,3
4,Sandra M.M.,18,19.0,2024-04-12,5
4,Sandra M.M.,45,6.8,2024-06-27,5
4,Sandra M.M.,39,7.6,2024-06-09,1
4,Sandra M.M.,51,25.5,2024-06-11,5
4,Sandra M.M.,92,28.4,2024-06-19,4
4,Sandra M.M.,83,19.2,2024-02-06,4
4,Sandra M.M.,42,25.3,2024-11-02,5
4,Sandra M.M.,7,29.0,2024-02-24,5
4,Sandra M.M.,35,22.3,2024-03-25,4
4,Sandra M.M.,54,1.8,2024-09-13,1
4,Sandra M.M.,99,6.3,2024-08-05,1
4,Sandra M.M.,42,26.2,2024-11-27,2
4,Sandra M.M.,47,2.7,2024-05-15,5
4,Sandra M.M.,60,22.7,2024-11-02,4
4,Sandra M.M.,84,22.8,2024-04-17,4
4,Sandra M.M.,47,2.7,2024-09-22,4
4,Sandra M.M.,20,24.5,2024-09-21,4
4,Sandra M.M.,90,19.8,2024-02-19,4
4,Sandra M.M.,78,6.1,2024-09-10,5
5,Matthew D.J.,44,15.4,2024-01-02,2
5,Matthew D.J.,4,23.6,2024-06-07,4
5,Matthew D.J.,58,20.9,2024-03-27,5
5,Matthew D.J.,87,12.6,2024-07-31,4
5,Matthew D.J.,97,10.3,2024-10-30,1
5,Matthew D.J.,63,18.5,2024-05-24,5
5,Matthew D.J.,62,5.0,2024-07-18,5
5,Matthew D.J.,48,1.6,2024-05-11,2
5,Matthew D.J.,44,10.1,2024-08-27,5
5,Matthew D.J.,77,27.7,2024-03-08,3
5,Matthew D.J.,97,28.7,2024-09-02,4
5,Matthew D.J.,76,19.4,2024-12-07,5
5,Matthew D.J.,63,4.1,2024-11-26,5
5,Matthew D.J.,52,8.3,2024-04-23,4
5,Matthew D.J.,49,7.9,2024-11-22,4
5,Matthew D.J.,86,16.6,2024-10-08,4
5,Matthew D.J.,89,7.9,2024-05-31,4
5,Matthew D.J.,83,6.0,2024-04-10,2
5,Matthew D.J.,32,20.1,2024-09-08,4
5,Matthew D.J.,4,27.2,2024-11-06,3
5,Matthew D.J.,24,21.4,2024-03-22,4
5,Matthew D.J.,21,12.6,2024-11-28,3
5,Matthew D.J.,99,12.7,2024-07-09,3
5,Matthew D.J.,75,24.8,2024-08-03,4
5,Matthew D.J.,8,20.6,2024-09-17,4
5,Matthew D.J.,27,29.8,2024-04-19,5
5,Matthew D.J.,76,14.2,2024-04-27,5
5,Matthew D.J.,74,19.0,2024-09-15,4
5,Matthew D.J.,15,21.2,2024-08-13,5
5,Matthew D.J.,20,20.8,2024-07-14,5
5,Matthew D.J.,17,8.7,2024-06-14,5
5,Matthew D.J.,50,25.3,2024-01-23,3
5,Matthew D.J.,34,9.6,2024-10-03,5
5,Matthew D.J.,55,15.0,2024-11-06,3
5,Matthew D.J.,56,12.1,2024-09-13,5
5,Matthew D.J.,66,5.2,2024-08-15,4
5,Matthew D.J.,36,16.0,2024-10-12,5
5,Matthew D.J.,65,14.6,2024-07-08,5
5,Matthew D.J.,51,4.8,2024-03-23,5
5,Matthew D.J.,75,14.5,2024-10-06,5
5,Matthew D.J.,22,14.4,2024-04-02,5
5,Matthew D.J.,36,3.9,2024-01-12,4
5,Matthew D.J.,84,1.5,2024-06-20,2
5,Matthew D.J.,6,9.1,2024-08-30,5
5,Matthew D.J.,84,18.5,2024-12-17,3
5,Matthew D.J.,81,3.2,2024-06-11,3
5,Matthew D.J.,37,6.0,2024-06-09,5
5,Matthew D.J.,84,26.0,2024-02-01,4
5,Matthew D.J.,82,14.4,2024-05-14,4
5,Matthew D.J.,39,15.3,2024-10-30,5
5,Matthew D.J.,46,27.5,2024-10-02,4
5,Matthew D.J.,98,7.1,2024-08-09,4
5,Matthew D.J.,95,2.5,2024-03-24,4
5,Matthew D.J.,81,7.1,2024-04-23,5
5,Matthew D.J.,90,29.2,2024-06-04,4
5,Matthew D.J.,93,19.6,2024-05-02,3
5,Matthew D.J.,43,22.1,2024-12-14,5
5,Matthew D.J.,20,7.1,2024-07-06,5
5,Matthew D.J.,71,7.9,2024-07-21,5
5,Matthew D.J.,34,13.0,2024-10-30,5
5,Matthew D.J.,44,15.9,2024-01-26,5
5,Matthew D.J.,84,10.8,2024-11-10,3
5,Matthew D.J.,42,25.0,2024-11-08,2
5,Matthew D.J.,65,19.4,2024-03-31,4
5,Matthew D.J.,64,18.6,2024-03-13,3
5,Matthew D.J.,79,12.8,2024-07-26,1
5,Matthew D.J.,52,4.3,2024-09-14,5
5,Matthew D.J.,46,15.6,2024-12-19,5
5,Matthew D.J.,85,19.8,2024-01-01,4
5,Matthew D.J.,17,18.9,2024-12-09,4
5,Matthew D.J.,23,28.2,2024-03-16,5
5,Matthew D.J.,96,21.6,2024-12-19,5
5,Matthew D.J.,10,24.5,2024-08-23,4
5,Matthew D.J.,43,8.4,2024-05-11,5
5,Matthew D.J.,42,22.4,2024-02-15,4
5,Matthew D.J.,4,16.2,2024-11-25,4
5,Matthew D.J.,33,10.1,2024-11-09,3
5,Matthew D.J.,89,9.1,2024-03-01,5
5,Matthew D.J.,43,4.6,2024-08-04,2
5,Matthew D.J.,5,11.0,2024-08-09,5
5,Matthew D.J.,94,12.2,2024-12-11,4
5,Matthew D.J.,94,17.0,2024-06-10,5
5,Matthew D.J.,98,3.1,2024-07-17,5
5,Matthew D.J.,57,28.0,2024-06-05,5
5,Matthew D.J.,77,12.3,2024-02-04,5
5,Matthew D.J.,25,25.3,2024-04-27,4
5,Matthew D.J.,29,14.2,2024-06-10,4
5,Matthew D.J.,37,7.1,2024-04-25,1
5,Matthew D.J.,48,24.9,2024-05-25,2
5,Matthew D.J.,42,26.5,2024-08-20,4
5,Matthew D.J.,70,15.7,2024-02-20,4
5,Matthew D.J.,82,4.1,2024-07-29,2
5,Matthew D.J.,69,18.3,2024-03-30,1
5,Matthew D.J.,16,29.6,2024-10-02,3
5,Matthew D.J.,8,10.5,2024-03-29,4
5,Matthew D.J.,82,22.5,2024-07-10,1
5,Matthew D.J.,48,11.3,2024-01-27,5
5,Matthew D.J.,75,16.8,2024-10-03,4
5,Matthew D.J.,47,8.6,2024-02-12,4
5,Matthew D.J.,67,2.4,2024-03-07,5
6,Andrew W.G.,60,29.4,2024-05-31,5
6,Andrew W.G.,78,10.9,2024-06-16,4
6,Andrew W.G.,39,28.9,2024-10-10,4
6,Andrew W.G.,35,19.7,2024-02-09,5
6,Andrew W.G.,80,4.7,2024-10-15,5
6,Andrew W.G.,72,4.0,2024-08-04,5
6,Andrew W.G.,71,5.9,2024-11-11,5
6,Andrew W.G.,78,4.3,2024-05-30,5
6,Andrew W.G.,56,2.2,2024-02-11,4
6,Andrew W.G.,76,12.7,2024-12-12,1
6,Andrew W.G.,96,28.4,2024-06-11,5
6,Andrew W.G.,9,12.8,2024-06-13,2
6,Andrew W.G.,37,13.0,2024-09-20,3
6,Andrew W.G.,47,19.8,2024-04-09,5
6,Andrew W.G.,8,20.2,2024-04-11,4
6,Andrew W.G.,25,19.0,2024-12-29,5
6,Andrew W.G.,32,18.3,2024-11-24,4
6,Andrew W.G.,66,26.8,2024-11-09,5
6,Andrew W.G.,13,23.1,2024-11-24,5
6,Andrew W.G.,53,20.2,2024-05-24,4
6,Andrew W.G.,58,18.2,2024-08-23,5
6,Andrew W.G.,77,18.6,2024-06-16,4
6,Andrew W.G.,94,4.5,2024-10-22,4
6,Andrew W.G.,94,15.4,2024-06-09,5
6,Andrew W.G.,37,6.1,2024-06-22,4
6,Andrew W.G.,48,5.7,2024-03-29,4
6,Andrew W.G.,17,8.2,2024-01-07,4
6,Andrew W.G.,16,12.8,2024-02-14,4
6,Andrew W.G.,97,7.8,2024-10-05,4
6,Andrew W.G.,26,21.2,2024-09-28,5
6,Andrew W.G.,45,23.8,2024-08-01,3
6,Andrew W.G.,59,20.8,2024-03-20,5
6,Andrew W.G.,28,9.1,2024-04-05,4
6,Andrew W.G.,22,25.7,2024-08-13,3
6,Andrew W.G.,33,2.1,2024-06-28,5
6,Andrew W.G.,54,16.6,2024-09-25,5
6,Andrew W.G.,5,11.5,2024-01-21,4
6,Andrew W.G.,35,2.6,2024-02-28,5
6,Andrew W.G.,50,10.4,2024-12-08,3
6,Andrew W.G.,59,9.7,2024-11-15,4
6,Andrew W.G.,67,3.8,2024-07-17,4
6,Andrew W.G.,80,1.8,2024-06-07,4
6,Andrew W.G.,53,5.0,2024-07-10,4
6,Andrew W.G.,60,6.5,2024-09-06,5
6,Andrew W.G.,89,24.0,2024-12-30,5
6,Andrew W.G.,64,10.1,2024-06-09,4
6,Andrew W.G.,50,28.8,2024-03-03,1
6,Andrew W.G.,59,23.3,2024-12-11,5
6,Andrew W.G.,30,25.5,2024-06-08,4
6,Andrew W.G.,33,15.0,2024-10-16,5
6,Andrew W.G.,40,26.7,2024-11-17,3
6,Andrew W.G.,98,10.2,2024-01-22,5
6,Andrew W.G.,54,5.3,2024-03-02,4
6,Andrew W.G.,40,6.8,2024-07-08,5
6,Andrew W.G.,22,15.9,2024-03-01,4
6,Andrew W.G.,11,23.2,2024-05-08,5
6,Andrew W.G.,57,9.5,2024-03-18,5
6,Andrew W.G.,26,3.0,2024-11-01,4
6,Andrew W.G.,53,26.3,2024-03-16,5
6,Andrew W.G.,47,22.3,2024-07-19,3
6,Andrew W.G.,60,25.0,2024-11-22,5
6,Andrew W.G.,88,26.6,2024-12-04,5
6,Andrew W.G.,75,20.0,2024-08-19,5
6,Andrew W.G.,40,12.1,2024-03-05,5
6,Andrew W.G.,52,15.5,2024-12-27,4
6,Andrew W.G.,46,17.2,2024-06-07,2
6,Andrew W.G.,68,10.9,2024-03-25,5
6,Andrew W.G.,47,3.9,2024-07-10,5
6,Andrew W.G.,13,29.6,2024-12-07,4
6,Andrew W.G.,31,19.1,2024-11-01,5
6,Andrew W.G.,16,8.3,2024-11-28,3
6,Andrew W.G.,68,28.8,2024-10-12,3
6,Andrew W.G.,10,21.0,2024-11-07,5
6,Andrew W.G.,20,2.3,2024-05-23,5
6,Andrew W.G.,5,3.0,2024-06-09,4
6,Andrew W.G.,58,3.0,2024-01-13,4
6,Andrew W.G.,38,10.5,2024-10-07,5
6,Andrew W.G.,99,17.9,2024-11-15,1
6,Andrew W.G.,94,26.1,2024-10-30,4
6,Andrew W.G.,13,9.8,2024-04-13,4
6,Andrew W.G.,68,9.3,2024-08-05,5
6,Andrew W.G.,57,10.1,2024-06-02,1
6,Andrew W.G.,40,21.2,2024-09-07,4
6,Andrew W.G.,28,7.8,2024-04-11,3
6,Andrew W.G.,41,26.1,2024-05-31,5
6,Andrew W.G.,40,2.9,2024-08-24,4
6,Andrew W.G.,14,13.8,2024-05-10,5
6,Andrew W.G.,42,10.4,2024-01-01,3
6,Andrew W.G.,87,15.6,2024-04-29,3
6,Andrew W.G.,37,5.7,2024-09-14,4
6,Andrew W.G.,95,26.8,2024-07-14,4
6,Andrew W.G.,77,5.5,2024-10-18,4
6,Andrew W.G.,55,13.9,2024-05-08,4
6,Andrew W.G.,61,16.8,2024-01-05,2
6,Andrew W.G.,7,11.6,2024-02-07,1
6,Andrew W.G.,51,1.8,2024-04-23,5
6,Andrew W.G.,28,11.0,2024-03-22,4
6,Andrew W.G.,5,22.5,2024-05-15,5
6,Andrew W.G.,70,5.1,2024-10-08,4
6,Andrew W.G.,3,23.1,2024-09-11,4
7,Matthew A.Y.,57,28.8,2024-02-03,4
7,Matthew A.Y.,86,9.1,2024-02-06,4
7,Matthew A.Y.,19,9.6,2024-08-28,4
7,Matthew A.Y.,16,11.2,2024-03-15,4
7,Matthew A.Y.,5,9.3,2024-05-29,4
7,Matthew A.Y.,12,15.4,2024-07-18,5
7,Matthew A.Y.,94,18.3,2024-02-10,1
7,Matthew A.Y.,3,12.8,2024-02-16,5
7,Matthew A.Y.,9,23.4,2024-06-23,3
7,Matthew A.Y.,80,7.5,2024-07-27,5
7,Matthew A.Y.,67,10.2,2024-10-29,3
7,Matthew A.Y.,90,15.6,2024-05-02,4
7,Matthew A.Y.,29,21.9,2024-12-04,4
7,Matthew A.Y.,53,19.9,2024-11-23,5
7,Matthew A.Y.,15,12.7,2024-03-16,5
7,Matthew A.Y.,62,29.0,2024-07-25,4
7,Matthew A.Y.,34,13.8,2024-03-01,4
7,Matthew A.Y.,3,17.5,2024-12-13,5
7,Matthew A.Y.,59,27.6,2024-01-04,5
7,Matthew A.Y.,40,6.5,2024-09-14,5
7,Matthew A.Y.,15,9.5,2024-07-16,4
7,Matthew A.Y.,81,7.4,2024-03-14,5
7,Matthew A.Y.,48,23.2,2024-08-17,4
7,Matthew A.Y.,81,7.9,2024-11-26,4
7,Matthew A.Y.,40,18.2,2024-01-14,4
7,Matthew A.Y.,15,27.2,2024-07-28,5
7,Matthew A.Y.,100,13.3,2024-03-14,4
7,Matthew A.Y.,6,20.9,2024-12-18,1
7,Matthew A.Y.,15,10.2,2024-07-02,5
7,Matthew A.Y.,66,29.6,2024-01-25,5
7,Matthew A.Y.,98,28.5,2024-02-28,5
7,Matthew A.Y.,68,4.8,2024-01-24,4
7,Matthew A.Y.,86,22.5,2024-08-07,3
7,Matthew A.Y.,84,11.1,2024-03-05,4
7,Matthew A.Y.,17,22.0,2024-10-18,4
7,Matthew A.Y.,40,22.3,2024-07-18,5
7,Matthew A.Y.,45,10.6,2024-04-08,3
7,Matthew A.Y.,22,15.1,2024-07-10,4
7,Matthew A.Y.,84,13.6,2024-11-28,5
7,Matthew A.Y.,83,26.3,2024-04-16,5
7,Matthew A.Y.,11,20.4,2024-02-10,5
7,Matthew A.Y.,28,29.3,2024-08-05,1
7,Matthew A.Y.,53,10.2,2024-05-02,3
7,Matthew A.Y.,63,21.5,2024-10-08,5
7,Matthew A.Y.,33,27.9,2024-12-26,3
7,Matthew A.Y.,27,2.4,2024-04-17,5
7,Matthew A.Y.,15,10.7,2024-10-25,5
7,Matthew A.Y.,21,19.5,2024-06-13,3
7,Matthew A.Y.,22,4.1,2024-11-21,4
7,Matthew A.Y.,90,18.5,2024-11-06,4
7,Matthew A.Y.,93,22.7,2024-09-19,1
7,Matthew A.Y.,35,7.5,2024-10-16,4
7,Matthew A.Y.,52,2.2,2024-06-11,5
7,Matthew A.Y.,89,24.6,2024-01-06,5
7,Matthew A.Y.,98,1.6,2024-10-12,4
7,Matthew A.Y.,21,21.4,2024-11-09,3
7,Matthew A.Y.,7,26.3,2024-06-05,4
7,Matthew A.Y.,85,13.7,2024-04-20,5
7,Matthew A.Y.,46,19.0,2024-05-09,4
7,Matthew A.Y.,43,17.3,2024-02-18,5
7,Matthew A.Y.,82,2.5,2024-05-23,2
7,Matthew A.Y.,11,12.4,2024-05-02,5
7,Matthew A.Y.,39,5.6,2024-01-10,1
7,Matthew A.Y.,14,6.0,2024-11-15,5
7,Matthew A.Y.,75,19.7,2024-04-22,4
7,Matthew A.Y.,93,15.4,2024-03-25,5
7,Matthew A.Y.,53,15.0,2024-08-09,3
7,Matthew A.Y.,78,4.3,2024-04-30,5
7,Matthew A.Y.,2,25.0,2024-05-08,3
7,Matthew A.Y.,86,19.7,2024-06-26,4
7,Matthew A.Y.,12,23.9,2024-04-02,4
7,Matthew A.Y.,8,23.8,2024-10-15,5
7,Matthew A.Y.,49,22.8,2024-02-07,4
7,Matthew A.Y.,38,25.4,2024-08-25,5
7,Matthew A.Y.,9,11.7,2024-12-07,4
7,Matthew A.Y.,99,1.1,2024-05-20,4
7,Matthew A.Y.,98,22.8,2024-10-10,5
7,Matthew A.Y.,9,7.5,2024-11-01,1
7,Matthew A.Y.,65,16.0,2024-09-17,1
7,Matthew A.Y.,89,16.2,2024-05-07,5
7,Matthew A.Y.,47,14.5,2024-04-04,5
7,Matthew A.Y.,79,22.0,2024-05-09,4
7,Matthew A.Y.,76,12.2,2024-02-03,4
7,Matthew A.Y.,51,19.4,2024-08-17,4
7,Matthew A.Y.,62,21.8,2024-08-11,5
7,Matthew A.Y.,4,16.7,2024-12-08,1
7,Matthew A.Y.,20,15.3,2024-07-01,4
7,Matthew A.Y.,12,19.7,2024-12-01,4
7,Matthew A.Y.,5,16.7,2024-07-28,4
7,Matthew A.Y.,47,29.5,2024-03-07,5
7,Matthew A.Y.,67,8.8,2024-10-21,4
7,Matthew A.Y.,92,23.5,2024-03-31,5
7,Matthew A.Y.,92,23.6,2024-10-04,4
7,Matthew A.Y.,38,17.9,2024-05-11,3
7,Matthew A.Y.,4,18.2,2024-10-16,4
7,Matthew A.Y.,91,10.7,2024-08-14,4
7,Matthew A.Y.,86,20.7,2024-04-13,4
7,Matthew A.Y.,88,15.8,2024-09-18,5
7,Matthew A.Y.,99,2.3,2024-08-14,3
7,Matthew A.Y.,69,3.9,2024-05-07,4
8,Sara N.A.,51,8.3,2024-01-11,5
8,Sara N.A.,94,2.4,2024-08-23,4
8,Sara N.A.,66,29.9,2024-09-23,4
8,Sara N.A.,84,19.5,2024-06-29,5
8,Sara N.A.,74,28.7,2024-08-02,3
8,Sara N.A.,6,12.5,2024-04-24,4
8,Sara N.A.,73,17.3,2024-09-17,4
8,Sara N.A.,7,16.6,2024-09-09,5
8,Sara N.A.,96,27.7,2024-12-09,4
8,Sara N.A.,92,15.8,2024-07-02,4
8,Sara N.A.,4,12.6,2024-10-14,5
8,Sara N.A.,15,29.7,2024-06-06,5
8,Sara N.A.,81,12.7,2024-07-01,4
8,Sara N.A.,90,18.7,2024-10-05,2
8,Sara N.A.,55,7.8,2024-11-06,4
8,Sara N.A.,41,10.6,2024-06-16,5
8,Sara N.A.,69,16.6,2024-07-21,5
8,Sara N.A.,88,1.1,2024-02-21,4
8,Sara N.A.,30,7.1,2024-07-03,4
8,Sara N.A.,76,4.6,2024-10-25,4
8,Sara N.A.,42,13.9,2024-04-16,4
8,Sara N.A.,37,19.5,2024-01-08,1
8,Sara N.A.,100,26.9,2024-03-12,5
8,Sara N.A.,40,19.4,2024-06-23,4
8,Sara N.A.,45,21.0,2024-03-01,5
8,Sara N.A.,89,28.8,2024-11-27,5
8,Sara N.A.,46,12.1,2024-05-11,1
8,Sara N.A.,24,6.3,2024-02-20,4
8,Sara N.A.,52,4.5,2024-09-30,5
8,Sara N.A.,48,8.1,2024-07-27,4
8,Sara N.A.,38,6.3,2024-08-02,5
8,Sara N.A.,18,7.0,2024-03-17,5
8,Sara N.A.,95,19.8,2024-09-23,4
8,Sara N.A.,22,24.9,2024-08-04,5
8,Sara N.A.,87,6.4,2024-11-21,4
8,Sara N.A.,36,6.9,2024-04-12,4
8,Sara N.A.,83,3.4,2024-06-20,5
8,Sara N.A.,75,18.0,2024-02-13,5
8,Sara N.A.,96,19.5,2024-03-03,4
8,Sara N.A.,30,5.8,2024-07-01,4
8,Sara N.A.,88,7.8,2024-03-30,5
8,Sara N.A.,90,17.5,2024-07-10,5
8,Sara N.A.,58,12.3,2024-04-08,5
8,Sara N.A.,80,18.3,2024-10-10,4
8,Sara N.A.,99,29.4,2024-05-17,4
8,Sara N.A.,38,19.7,2024-08-31,5
8,Sara N.A.,43,10.8,2024-12-15,5
8,Sara N.A.,14,25.0,2024-05-07,4
8,Sara N.A.,12,9.6,2024-01-07,1
8,Sara N.A.,22,17.6,2024-08-02,4
8,Sara N.A.,84,8.2,2024-01-23,5
8,Sara N.A.,89,4.5,2024-01-09,2
8,Sara N.A.,87,14.2,2024-11-27,5
8,Sara N.A.,85,26.8,2024-04-13,4
8,Sara N.A.,45,14.4,2024-06-22,5
8,Sara N.A.,89,21.2,2024-02-08,3
8,Sara N.A.,72,24.7,2024-09-29,4
8,Sara N.A.,60,1.1,2024-12-08,4
8,Sara N.A.,29,24.6,2024-05-05,5
8,Sara N.A.,28,18.6,2024-09-16,4
8,Sara N.A.,93,24.8,2024-01-19,3
8,Sara N.A.,67,1.4,2024-07-26,5
8,Sara N.A.,17,24.8,2024-03-20,5
8,Sara N.A.,57,9.5,2024-06-23,5
8,Sara N.A.,66,17.3,2024-01-13,5
8,Sara N.A.,41,6.0,2024-03-08,4
8,Sara N.A.,69,26.0,2024-01-26,4
8,Sara N.A.,75,20.6,2024-10-24,3
8,Sara N.A.,67,7.0,2024-07-04,5
8,Sara N.A.,18,4.9,2024-07-15,5
8,Sara N.A.,76,2.7,2024-01-05,5
8,Sara N.A.,61,15.6,2024-09-28,4
8,Sara N.A.,5,28.6,2024-01-20,4
8,Sara N.A.,100,7.3,2024-10-23,4
8,Sara N.A.,48,8.5,2024-03-31,4
8,Sara N.A.,61,1.9,2024-04-11,4
8,Sara N.A.,66,7.1,2024-06-19,5
8,Sara N.A.,9,8.9,2024-12-02,5
8,Sara N.A.,90,4.4,2024-11-04,5
8,Sara N.A.,2,14.2,2024-02-02,5
8,Sara N.A.,65,20.7,2024-10-12,2
8,Sara N.A.,12,19.6,2024-06-22,5
8,Sara N.A.,80,8.1,2024-01-21,5
8,Sara N.A.,34,27.2,2024-09-26,4
8,Sara N.A.,100,4.9,2024-06-17,5
8,Sara N.A.,83,17.5,2024-06-16,4
8,Sara N.A.,71,9.2,2024-03-25,1
8,Sara N.A.,75,22.5,2024-12-18,5
8,Sara N.A.,63,17.3,2024-10-30,5
8,Sara N.A.,45,18.7,2024-03-24,5
8,Sara N.A.,51,29.0,2024-12-14,5
8,Sara N.A.,78,2.0,2024-10-30,5
8,Sara N.A.,49,6.2,2024-11-10,4
8,Sara N.A.,1,22.1,2024-04-17,5
8,Sara N.A.,13,7.4,2024-08-25,3
8,Sara N.A.,42,6.2,2024-01-20,5
8,Sara N.A.,39,14.5,2024-11-28,4
8,Sara N.A.,41,4.4,2024-06-02,3
8,Sara N.A.,36,12.6,2024-11-20,4
8,Sara N.A.,52,1.3,2024-12-27,5
9,George E.M.,84,2.3,2024-03-06,5
9,George E.M.,43,10.4,2024-12-20,5
9,George E.M.,82,9.2,2024-09-30,5
9,George E.M.,95,10.0,2024-05-01,4
9,George E.M.,19,6.2,2024-08-06,5
9,George E.M.,47,26.4,2024-10-11,4
9,George E.M.,71,9.9,2024-11-10,4
9,George E.M.,88,28.3,2024-02-21,1
9,George E.M.,3,24.4,2024-06-10,3
9,George E.M.,46,6.0,2024-05-12,4
9,George E.M.,75,15.9,2024-02-28,5
9,George E.M.,82,12.0,2024-09-07,5
9,George E.M.,4,28.0,2024-09-28,5
9,George E.M.,43,14.3,2024-09-21,5
9,George E.M.,28,20.9,2024-12-14,2
9,George E.M.,31,14.8,2024-12-11,4
9,George E.M.,37,2.2,2024-07-13,5
9,George E.M.,7,17.8,2024-03-15,2
9,George E.M.,16,16.1,2024-11-17,3
9,George E.M.,17,17.8,2024-11-27,4
9,George E.M.,19,16.1,2024-06-10,3
9,George E.M.,64,8.8,2024-08-13,5
9,George E.M.,27,18.3,2024-02-13,5
9,George E.M.,55,28.1,2024-12-12,1
9,George E.M.,84,1.3,2024-04-17,2
9,George E.M.,46,8.6,2024-06-02,4
9,George E.M.,44,16.4,2024-11-13,5
9,George E.M.,6,11.7,2024-06-10,4
9,George E.M.,24,26.2,2024-10-05,4
9,George E.M.,99,9.9,2024-12-17,4
9,George E.M.,76,21.4,2024-04-11,2
9,George E.M.,96,20.8,2024-05-27,3
9,George E.M.,84,14.6,2024-08-07,4
9,George E.M.,2,28.2,2024-08-23,4
9,George E.M.,81,4.3,2024-06-03,4
9,George E.M.,78,14.3,2024-08-13,5
9,George E.M.,13,24.7,2024-04-03,5
9,George E.M.,38,27.8,2024-09-19,5
9,George E.M.,41,4.6,2024-09-28,5
9,George E.M.,70,15.7,2024-05-02,4
9,George E.M.,54,28.2,2024-07-13,4
9,George E.M.,20,27.8,2024-06-08,5
9,George E.M.,21,8.7,2024-08-18,4
9,George E.M.,20,12.5,2024-08-17,5
9,George E.M.,92,12.0,2024-12-16,4
9,George E.M.,57,1.9,2024-02-28,4
9,George E.M.,50,19.9,2024-01-11,4
9,George E.M.,45,15.7,2024-10-02,5
9,George E.M.,56,1.9,2024-12-09,5
9,George E.M.,30,13.0,2024-10-08,4
9,George E.M.,68,5.3,2024-08-04,5
9,George E.M.,71,4.1,2024-07-15,4
9,George E.M.,46,2.9,2024-02-12,4
9,George E.M.,41,17.8,2024-07-09,4
9,George E.M.,75,26.9,2024-09-10,3
9,George E.M.,48,29.3,2024-12-13,4
9,George E.M.,90,25.0,2024-03-23,1
9,George E.M.,29,6.0,2024-03-16,5
9,George E.M.,64,21.3,2024-01-20,5
9,George E.M.,51,24.8,2024-03-18,4
9,George E.M.,62,18.8,2024-05-18,4
9,George E.M.,41,19.2,2024-05-12,5
9,George E.M.,41,22.5,2024-09-28,5
9,George E.M.,42,9.7,2024-04-23,4
9,George E.M.,90,29.0,2024-08-08,5
9,George E.M.,77,25.2,2024-04-27,5
9,George E.M.,52,23.1,2024-08-15,3
9,George E.M.,92,13.1,2024-01-06,3
9,George E.M.,95,5.5,2024-03-11,5
9,George E.M.,4,3.8,2024-06-23,5
9,George E.M.,75,28.5,2024-11-05,3
9,George E.M.,15,6.0,2024-07-31,1
9,George E.M.,7,3.4,2024-03-08,5
9,George E.M.,100,8.0,2024-04-17,5
9,George E.M.,68,21.3,2024-04-13,4
9,George E.M.,26,20.6,2024-11-23,4
9,George E.M.,89,18.9,2024-03-27,4
9,George E.M.,38,17.5,2024-02-21,1
9,George E.M.,15,20.8,2024-09-28,4
9,George E.M.,6,15.8,2024-07-24,2
9,George E.M.,81,24.3,2024-10-19,3
9,George E.M.,23,5.9,2024-08-23,4
9,George E.M.,63,11.6,2024-02-19,4
9,George E.M.,42,18.2,2024-06-14,4
9,George E.M.,58,27.4,2024-01-20,4
9,George E.M.,63,23.7,2024-02-21,4
9,George E.M.,66,18.7,2024-12-02,4
9,George E.M.,33,10.8,2024-06-15,4
9,George E.M.,10,2.3,2024-08-26,4
9,George E.M.,81,11.7,2024-03-28,4
9,George E.M.,23,12.1,2024-07-26,5
9,George E.M.,72,13.5,2024-01-28,4
9,George E.M.,76,13.3,2024-09-30,4
9,George E.M.,2,27.7,2024-03-16,5
9,George E.M.,58,10.5,2024-12-30,5
9,George E.M.,53,12.0,2024-10-28,4
9,George E.M.,70,17.0,2024-08-29,5
9,George E.M.,84,9.0,2024-06-08,1
9,George E.M.,4,17.8,2024-09-20,5
9,George E.M.,33,16.7,2024-10-07,5
10,Justin C.G.,100,29.8,2024-09-07,4
10,Justin C.G.,21,4.9,2024-09-10,5
10,Justin C.G.,32,1.3,2024-02-28,4
10,Justin C.G.,93,17.5,2024-04-28,4
10,Justin C.G.,78,19.8,2024-01-14,2
10,Justin C.G.,1,23.0,2024-06-17,5
10,Justin C.G.,49,23.6,2024-02-21,4
10,Justin C.G.,68,10.1,2024-03-19,4
10,Justin C.G.,56,24.6,2024-01-12,1
10,Justin C.G.,4,8.7,2024-12-11,1
10,Justin C.G.,3,1.6,2024-12-14,4
10,Justin C.G.,5,12.1,2024-02-06,5
10,Justin C.G.,25,13.3,2024-11-01,5
10,Justin C.G.,78,1.7,2024-12-18,4
10,Justin C.G.,5,24.6,2024-06-17,4
10,Justin C.G.,40,26.0,2024-01-26,4
10,Justin C.G.,40,7.2,2024-05-14,2
10,Justin C.G.,11,20.9,2024-02-10,5
10,Justin C.G.,72,15.4,2024-09-24,2
10,Justin C.G.,30,14.9,2024-08-19,4
10,Justin C.G.,92,18.7,2024-04-03,4
10,Justin C.G.,73,17.1,2024-04-29,5
10,Justin C.G.,69,13.2,2024-04-05,4
10,Justin C.G.,69,9.8,2024-06-08,5
10,Justin C.G.,74,10.3,2024-11-29,4
10,Justin C.G.,15,24.6,2024-10-07,4
10,Justin C.G.,36,5.7,2024-08-24,5
10,Justin C.G.,55,12.9,2024-12-02,2
10,Justin C.G.,87,14.9,2024-09-17,5
10,Justin C.G.,51,17.1,2024-09-26,2
10,Justin C.G.,31,8.7,2024-12-03,3
10,Justin C.G.,85,7.5,2024-10-15,4
10,Justin C.G.,49,18.4,2024-10-14,5
10,Justin C.G.,3,9.8,2024-08-15,4
10,Justin C.G.,31,5.2,2024-03-17,5
10,Justin C.G.,16,11.6,2024-10-12,4
10,Justin C.G.,53,10.2,2024-08-25,1
10,Justin C.G.,72,28.9,2024-02-06,2
10,Justin C.G.,98,18.2,2024-01-07,5
10,Justin C.G.,33,4.6,2024-09-20,2
10,Justin C.G.,83,15.5,2024-09-08,4
10,Justin C.G.,76,15.3,2024-12-26,5
10,Justin C.G.,62,7.9,2024-09-17,2
10,Justin C.G.,7,12.9,2024-05-09,4
10,Justin C.G.,14,24.1,2024-10-05,4
10,Justin C.G.,58,11.5,2024-11-16,4
10,Justin C.G.,66,13.8,2024-05-06,4
10,Justin C.G.,7,18.6,2024-06-20,4
10,Justin C.G.,38,21.7,2024-10-06,5
10,Justin C.G.,31,25.8,2024-09-07,5
10,Justin C.G.,33,14.9,2024-12-21,4
10,Justin C.G.,23,22.6,2024-02-18,5
10,Justin C.G.,97,16.1,2024-08-14,5
10,Justin C.G.,8,28.2,2024-07-25,5
10,Justin C.G.,100,4.0,2024-08-03,2
10,Justin C.G.,81,6.0,2024-07-30,5
10,Justin C.G.,64,22.9,2024-04-13,4
10,Justin C.G.,68,7.2,2024-04-29,5
10,Justin C.G.,73,8.4,2024-11-18,5
10,Justin C.G.,10,2.1,2024-02-25,4
10,Justin C.G.,77,20.3,2024-03-18,5
10,Justin C.G.,86,27.3,2024-11-07,5
10,Justin C.G.,42,24.4,2024-10-30,5
10,Justin C.G.,49,6.1,2024-06-29,2
10,Justin C.G.,20,29.4,2024-03-24,4
10,Justin C.G.,11,14.2,2024-01-11,5
10,Justin C.G.,11,24.2,2024-02-26,5
10,Justin C.G.,36,8.2,2024-02-05,1
10,Justin C.G.,88,12.4,2024-09-28,4
10,Justin C.G.,16,28.6,2024-06-20,5
10,Justin C.G.,9,16.0,2024-01-30,5
10,Justin C.G.,45,12.1,2024-10-13,5
10,Justin C.G.,69,14.4,2024-12-07,4
10,Justin C.G.,22,17.7,2024-08-07,2
10,Justin C.G.,32,24.1,2024-12-17,4
10,Justin C.G.,15,7.2,2024-06-17,3
10,Justin C.G.,46,22.2,2024-01-10,3
10,Justin C.G.,66,16.7,2024-03-05,5
10,Justin C.G.,71,27.6,2024-11-15,4
10,Justin C.G.,55,1.9,2024-03-31,5
10,Justin C.G.,52,9.0,2024-01-08,2
10,Justin C.G.,70,24.3,2024-12-19,5
10,Justin C.G.,85,11.8,2024-06-16,4
10,Justin C.G.,96,1.2,2024-03-28,5
10,Justin C.G.,98,9.5,2024-07-07,3
10,Justin C.G.,25,21.0,2024-10-08,3
10,Justin C.G.,28,20.3,2024-03-19,5
10,Justin C.G.,73,21.5,2024-05-02,5
10,Justin C.G.,44,17.4,2024-09-18,4
10,Justin C.G.,96,6.8,2024-07-01,4
10,Justin C.G.,22,6.6,2024-12-09,4
10,Justin C.G.,66,28.5,2024-06-18,2
10,Justin C.G.,77,20.3,2024-10-06,5
10,Justin C.G.,91,3.2,2024-02-21,4
10,Justin C.G.,2,20.7,2024-02-05,4
10,Justin C.G.,47,11.1,2024-06-16,5
10,Justin C.G.,80,6.4,2024-09-04,4
10,Justin C.G.,60,11.9,2024-04-02,4
10,Justin C.G.,32,11.8,2024-07-03,1
10,Justin C.G.,17,13.2,2024-05-28,4
